id,targetAccountId,creditOrDebit,amount,signedAmount,description,createdDate,containerProduct,category,merchant
10057688,10002258,Debit,749,-749,INT'L 0093472488,2016-07-29T00:00:00Z,bank,Uncategorized,
10057687,10002258,Debit,20000,-20000,WICKED CAMPERS LTD,2016-07-29T00:00:00Z,bank,Uncategorized,
10057686,10002258,Debit,5107,-5107,INT'L 0004503264,2016-08-01T00:00:00Z,bank,Uncategorized,
10057685,10002258,Debit,1000,-1000,STARBUCKS CARD REL,2016-08-01T00:00:00Z,bank,Restaurants/Dining,Starbucks
10057684,10002258,Debit,1610,-1610,BREWHOUSE & KITCHE,2016-08-01T00:00:00Z,bank,Travel,The Brew House Hotel
10057683,10002258,Debit,695,-695,NOURISH WILMSLOW,2016-08-01T00:00:00Z,bank,Uncategorized,
10057682,10002258,Debit,1447,-1447,E H BOOTH & CO,2016-08-01T00:00:00Z,bank,Groceries,E.H. Booth & Co
10057681,10002258,Debit,1048,-1048,SIR HENRY TATE,2016-08-01T00:00:00Z,bank,Uncategorized,
10057680,10002258,Debit,1600,-1600,NATIONAL LOTTERY I,2016-08-01T00:00:00Z,bank,Entertainment,
10057679,10002258,Debit,3197,-3197,WWW.DOMINOS.CO.UK,2016-08-01T00:00:00Z,bank,Restaurants/Dining,Domino's Pizza
10057678,10002258,Debit,37137,-37137,HSBC PLC LOANS,2016-08-01T00:00:00Z,bank,Loans,HSBC
10057677,10002258,Debit,14100,-14100,CHORLEY BC DD,2016-08-01T00:00:00Z,bank,Uncategorized,
10057676,10002258,Debit,4878,-4878,ZEN INTERNET LTD,2016-08-01T00:00:00Z,bank,Online Services,Zen Internet
10057675,10002258,Debit,1218,-1218,TV LICENCE MBP,2016-08-01T00:00:00Z,bank,Online Services,TV Licensing
10057674,10002258,Debit,3000,-3000,CASH BARCLAY AUG01,2016-08-01T00:00:00Z,bank,ATM/Cash Withdrawals,BARCLAY
10057673,10002258,Debit,1990,-1990,NORTHERN RAIL LTD-,2016-08-01T00:00:00Z,bank,Travel,Northern Rail Ltd
10057672,10002258,Debit,84218,-84218,MLS P02 WOOLWICH,2016-08-01T00:00:00Z,bank,Uncategorized,
10057671,10002258,Debit,250,-250,ADAM JONES,2016-08-01T00:00:00Z,bank,Uncategorized,
10057670,10002258,Debit,600,-600,EVERYBODY SPORT ON,2016-08-02T00:00:00Z,bank,Entertainment,
10057669,10002258,Debit,855,-855,POST OFFICE COUNTE,2016-08-02T00:00:00Z,bank,Postage and Shipping,Post Office Ltd.
10057668,10002258,Debit,940,-940,PAYPAL PAYMENT,2016-08-02T00:00:00Z,bank,Online Services,PayPal
10057667,10002258,Debit,2050,-2050,WWW.JUST EAT.CO.UK,2016-08-02T00:00:00Z,bank,Restaurants/Dining,Just-Eat
10057666,10002258,Debit,905,-905,ASDA STORES 4364,2016-08-02T00:00:00Z,bank,General Merchandise,ASDA
10057665,10002258,Debit,280,-280,TESCO STORES 2196,2016-08-02T00:00:00Z,bank,Groceries,Tesco
10057664,10002258,Debit,1742,-1742,CASH 0018487049,2016-08-03T00:00:00Z,bank,Uncategorized,
10057663,10002258,Debit,930,-930,PAYPAL PAYMENT,2016-08-03T00:00:00Z,bank,Online Services,PayPal
10057662,10002258,Debit,8708,-8708,CASH 0018487048,2016-08-03T00:00:00Z,bank,Uncategorized,
10057661,10002258,Debit,2860,-2860,PET PLAN LTD PREM,2016-08-04T00:00:00Z,bank,Insurance,
10057660,10002258,Debit,1000,-1000,GIFFGAFF.COM,2016-08-05T00:00:00Z,bank,Telephone Services,giffgaff
10057659,10002258,Debit,6100,-6100,H3G,2016-08-05T00:00:00Z,bank,Telephone Services,H3G
10057658,10002258,Debit,1139,-1139,INT'L 0042255178,2016-08-08T00:00:00Z,bank,Uncategorized,
10057657,10002258,Debit,22,-22,Non-Sterling,2016-08-08T00:00:00Z,bank,Service Charges/Fees,
10057656,10002258,Debit,8735,-8735,CASH 0042255179,2016-08-08T00:00:00Z,bank,Uncategorized,
10057655,10002258,Debit,31,-31,Non-Sterling,2016-08-08T00:00:00Z,bank,Service Charges/Fees,
10057654,10002258,Debit,1800,-1800,DSJ GARDENS,2016-08-08T00:00:00Z,bank,Entertainment,
10057653,10002258,Debit,7650,-7650,THE RENEWABLE ENER,2016-08-08T00:00:00Z,bank,Utilities,
10057652,10002258,Debit,815,-815,INT'L 0042255177,2016-08-08T00:00:00Z,bank,Uncategorized,Burger King Corporation
10057651,10002258,Debit,1500,-1500,GIFFGAFF.COM,2016-08-08T00:00:00Z,bank,Telephone Services,giffgaff
10057650,10002258,Debit,3000,-3000,CASH RB SCOT AUG09,2016-08-09T00:00:00Z,bank,ATM/Cash Withdrawals,RBS
10057649,10002258,Debit,235,-235,TESCO STORES 2196,2016-08-09T00:00:00Z,bank,Groceries,Tesco
10057648,10002258,Debit,500,-500,WAITROSE 711,2016-08-10T00:00:00Z,bank,Groceries,Waitrose
10057647,10002258,Debit,990,-990,PANCHO'S BURRITOS,2016-08-10T00:00:00Z,bank,Restaurants/Dining,Pancho's Burritos
10057646,10002258,Debit,120,-120,TESCO-STORES 6778,2016-08-10T00:00:00Z,bank,Groceries,Tesco
10057645,10002258,Debit,360,-360,GRO INFLIGHT SHOP,2016-08-10T00:00:00Z,bank,Groceries,
10057644,10002258,Debit,460,-460,WEST COAST TRAINS,2016-08-10T00:00:00Z,bank,Travel,West Coast Trains
10057643,10002258,Debit,3613,-3613,TESCO PAY AT PUMP,2016-08-10T00:00:00Z,bank,General Merchandise,Tesco
10057642,10002258,Debit,430,-430,LITE DELIGHTS WILM,2016-08-11T00:00:00Z,bank,Restaurants/Dining,Lite Delights
10057641,10002258,Debit,384,-384,REFRESH,2016-08-11T00:00:00Z,bank,Uncategorized,
10057640,10002258,Debit,1740,-1740,CINEWORLD CINEMAS,2016-08-11T00:00:00Z,bank,Entertainment,Cineworld Cinemas
10057639,10002258,Debit,1990,-1990,NORTHERN RAIL,2016-08-11T00:00:00Z,bank,Uncategorized,
10057638,10002258,Debit,5000,-5000,GETMONDOCOUK,2016-08-12T00:00:00Z,bank,Uncategorized,
10057637,10002258,Debit,3912,-3912,TESCO-STORES 2610,2016-08-12T00:00:00Z,bank,Groceries,Tesco
10057636,10002258,Debit,594,-594,OVERDRAFT INTEREST,2016-08-13T00:00:00Z,bank,Interest,Interest
10057635,10002258,Debit,1000,-1000,GIFFGAFF.COM,2016-08-15T00:00:00Z,bank,Telephone Services,giffgaff
10057634,10002258,Debit,2410,-2410,NOVOTEL,2016-08-15T00:00:00Z,bank,Travel,
10057633,10002258,Debit,715,-715,LEON HAMMERSMITH,2016-08-15T00:00:00Z,bank,Restaurants/Dining,Leon Restaurants
10057632,10002258,Debit,598,-598,MCDONALDS,2016-08-15T00:00:00Z,bank,Restaurants/Dining,McDonald's
10057631,10002258,Debit,1503,-1503,TESCO-STORES 2610,2016-08-15T00:00:00Z,bank,Groceries,Tesco
10057630,10002258,Debit,3160,-3160,NANDOS HAMMERSMITH,2016-08-15T00:00:00Z,bank,Restaurants/Dining,Nando's
10057629,10002258,Debit,3810,-3810,NOVOTEL LONDON WES,2016-08-15T00:00:00Z,bank,Travel,
10057628,10002258,Debit,830,-830,BARBURRITO LTD,2016-08-15T00:00:00Z,bank,Restaurants/Dining,Barburrito
10057627,10002258,Debit,290,-290,TFL.GOV.UK/CP,2016-08-16T00:00:00Z,bank,Travel,Transport for London
10057626,10002258,Debit,3021,-3021,WP-GAMES LORE LTD,2016-08-16T00:00:00Z,bank,Entertainment,
10057625,10002258,Debit,1667,-1667,KFC - CHORLEY DT,2016-08-16T00:00:00Z,bank,Restaurants/Dining,KFC
10057624,10002258,Debit,2870,-2870,WAITROSE 711,2016-08-17T00:00:00Z,bank,Groceries,Waitrose
10057623,10002258,Debit,440,-440,WWW.WEGOTTICKETS.C,2016-08-18T00:00:00Z,bank,Online Services,WeGotTickets
10057622,10002258,Credit,86000,86000,Jones Michael,2016-08-18T00:00:00Z,bank,Uncategorized,
10057621,10002258,Debit,713,-713,Cineworld BOT CP,2016-08-19T00:00:00Z,bank,Entertainment,Cineworld Cinemas
10057620,10002258,Debit,2655,-2655,WWW.JUST EAT.CO.UK,2016-08-19T00:00:00Z,bank,Restaurants/Dining,Just-Eat
10057619,10002258,Debit,550,-550,GREGGS - S0717,2016-08-22T00:00:00Z,bank,Restaurants/Dining,Greggs
10057618,10002258,Debit,4984,-4984,MORRISONS PETROL,2016-08-22T00:00:00Z,bank,Groceries,MORRISON'S
10057617,10002258,Debit,818,-818,EAVES LANE CONV ST,2016-08-22T00:00:00Z,bank,Uncategorized,
10057616,10002258,Debit,2990,-2990,WWW.JUST EAT.CO.UK,2016-08-22T00:00:00Z,bank,Restaurants/Dining,Just-Eat
10057615,10002258,Debit,717,-717,Cineworld BOT CP,2016-08-22T00:00:00Z,bank,Entertainment,Cineworld Cinemas
10057614,10002258,Debit,9696,-9696,HSBC CREDIT CARD,2016-08-22T00:00:00Z,bank,Credit Card Payments,HSBC
10057613,10002258,Debit,1900,-1900,BOOTS REWARDSCHEME,2016-08-22T00:00:00Z,bank,Personal Care,Boots
10057612,10002258,Debit,1990,-1990,NORTHERN RAIL LTD-,2016-08-22T00:00:00Z,bank,Travel,Northern Rail Ltd
10057611,10002258,Debit,1800,-1800,DSJ GARDENS,2016-08-22T00:00:00Z,bank,Entertainment,
10057610,10002258,Debit,370,-370,SAINSBURYS SMKT,2016-08-22T00:00:00Z,bank,Groceries,Sainsbury's
10057609,10002258,Debit,1970,-1970,MYDENTIST,2016-08-23T00:00:00Z,bank,Uncategorized,
10057608,10002258,Debit,850,-850,PANCHO'S BURRITOS,2016-08-24T00:00:00Z,bank,Restaurants/Dining,Pancho's Burritos
10057607,10002258,Debit,1080,-1080,WAITROSE 711,2016-08-24T00:00:00Z,bank,Groceries,Waitrose
10057606,10002258,Debit,9000,-9000,HOMEPRIDE CHORLEY,2016-08-25T00:00:00Z,bank,Uncategorized,
10057605,10002258,Debit,38842,-38842,VWFS UK LIMITED,2016-08-25T00:00:00Z,bank,Automotive Expenses,Volkswagen Financial Services (UK) Ltd
10057604,10002258,Debit,1500,-1500,GIFFGAFF.COM,2016-08-25T00:00:00Z,bank,Telephone Services,giffgaff
10057603,10002258,Credit,314337,314337,MR AJ MORROW MORROW,2016-08-26T00:00:00Z,bank,Uncategorized,
10057602,10002258,Debit,1990,-1990,NORTHERN RAIL CHORLEY 6300,2016-08-26T00:00:00Z,bank,Uncategorized,
10057601,10002258,Debit,5000,-5000,CASH TRM AUG28 SPAR NORTHER@20:04,2016-08-28T00:00:00Z,bank,Groceries,SPAR
10057600,10002258,Debit,26865,-26865,BLUE RAINBOWS HOTE MANCHESTER,2016-08-30T00:00:00Z,bank,Travel,
10057599,10002258,Debit,1000,-1000,STARBUCKS CARD REL 8452703310,2016-08-30T00:00:00Z,bank,Restaurants/Dining,Starbucks
10057598,10002258,Debit,713,-713,Cineworld BOT CP 0844 815 7747,2016-08-30T00:00:00Z,bank,Entertainment,Cineworld Cinemas
10057597,10002258,Debit,749,-749,INT'L 0035903048 NETFLIX.COM 866-716-0414,2016-08-30T00:00:00Z,bank,Entertainment,Netflix
10057596,10002258,Debit,3220,-3220,LA ROCCA RISTORANT CHORLEY,2016-08-30T00:00:00Z,bank,Restaurants/Dining,
10057595,10002258,Debit,5940,-5940,WWW.TICKETLINE.CO. 0161-813-2222,2016-08-30T00:00:00Z,bank,Entertainment,TICKETLINE
10057594,10002258,Debit,3414,-3414,WAITROSE 711 WILMSLOW,2016-08-30T00:00:00Z,bank,Groceries,Waitrose
10057593,10002258,Debit,3440,-3440,UNITED UTIL WATER,2016-08-30T00:00:00Z,bank,Utilities,
10057592,10002258,Debit,3298,-3298,ASDA STORES 4364 CHORLEY,2016-08-30T00:00:00Z,bank,General Merchandise,ASDA
10057591,10002258,Debit,250,-250,THE OLD DANCER (FI WILMSLOW,2016-08-30T00:00:00Z,bank,Uncategorized,
10057590,10002258,Credit,4500,4500,JONES GRAHAM HOTEL,2016-08-30T00:00:00Z,bank,Travel,
10057589,10002258,Debit,2595,-2595,JACKSONS 01625537763,2016-08-30T00:00:00Z,bank,Uncategorized,
10057588,10002258,Debit,1250,-1250,THE OLD DANCER (FI WILMSLOW,2016-08-30T00:00:00Z,bank,Uncategorized,
10057587,10002258,Debit,780,-780,EVERYBODY SPORT ON CREWE,2016-08-31T00:00:00Z,bank,Entertainment,
10057586,10002258,Debit,5099,-5099,ZEN INTERNET LTD,2016-08-31T00:00:00Z,bank,Online Services,Zen Internet
10057585,10002258,Debit,938,-938,PAYPAL PAYMENT,2016-08-31T00:00:00Z,bank,Online Services,PayPal
10057584,10002258,Debit,84950,-84950,MLS P02 WOOLWICH,2016-09-01T00:00:00Z,bank,Uncategorized,
10057583,10002258,Debit,250,-250,ADAM JONES SPOTIFY,2016-09-01T00:00:00Z,bank,Entertainment,Spotify Ltd
10057582,10002258,Debit,1212,-1212,TV LICENCE MBP,2016-09-01T00:00:00Z,bank,Online Services,TV Licensing
10057581,10002258,Debit,14100,-14100,CHORLEY BC DD,2016-09-01T00:00:00Z,bank,Uncategorized,
10057580,10002258,Debit,37137,-37137,HSBC PLC LOANS,2016-09-01T00:00:00Z,bank,Loans,HSBC
10057579,10002258,Debit,2150,-2150,WWW.JUST EAT.CO.UK 0208 7362006,2016-09-02T00:00:00Z,bank,Restaurants/Dining,Just-Eat
10057578,10002258,Debit,1990,-1990,NORTHERN RAIL CHORLEY 6300,2016-09-02T00:00:00Z,bank,Uncategorized,
10057577,10002258,Debit,2860,-2860,PET PLAN LTD PREM,2016-09-02T00:00:00Z,bank,Insurance,
10057576,10002258,Debit,2461,-2461,WAITROSE 711 WILMSLOW,2016-09-02T00:00:00Z,bank,Groceries,Waitrose
10057575,10002258,Debit,1040,-1040,THE OLD DANCER (FI WILMSLOW,2016-09-05T00:00:00Z,bank,Uncategorized,
10057574,10002258,Debit,1747,-1747,WM MORRISON 060 CHORLEY,2016-09-05T00:00:00Z,bank,Groceries,Wm Morrison Supermarkets PLC
10057573,10002258,Debit,8028,-8028,H3G,2016-09-05T00:00:00Z,bank,Telephone Services,H3G
10057572,10002258,Debit,4047,-4047,TESCO STORE 2275 CHORLEY,2016-09-05T00:00:00Z,bank,Groceries,Tesco
10057571,10002258,Debit,1800,-1800,DSJ GARDENS 14LIGHTOLLER,2016-09-05T00:00:00Z,bank,Entertainment,
10059445,10002258,Debit,5000,-5000,CASH BNKM SEP06 WAITROSE SK9@18:08,2016-09-06T00:00:00Z,bank,Groceries,Waitrose
10059444,10002258,Debit,370,-370,SAINSBURYS S/MKTS MANCHESTER 40,2016-09-06T00:00:00Z,bank,Groceries,Sainsbury's
10059443,10002258,Debit,1990,-1990,NORTHERN RAIL LTD- BLACKPOOL1828,2016-09-06T00:00:00Z,bank,Travel,Northern Rail Ltd
10060609,10002258,Debit,100,-100,TESCO-STORES 6778 MANCHESTER,2016-09-07T00:00:00Z,bank,Groceries,Tesco
10060608,10002258,Debit,799,-799,INT'L 0083544641 AMAZON UK RETAIL A AMAZON.CO.UK,2016-09-07T00:00:00Z,bank,General Merchandise,Amazon.com
10060607,10002258,Debit,850,-850,PANCHO'S BURRITOS MANCHESTER,2016-09-07T00:00:00Z,bank,Restaurants/Dining,Pancho's Burritos
10060606,10002258,Debit,2166,-2166,WAITROSE 711 WILMSLOW,2016-09-07T00:00:00Z,bank,Groceries,Waitrose
10060605,10002258,Debit,1000,-1000,STARBUCKS CARD REL 8452703310,2016-09-07T00:00:00Z,bank,Restaurants/Dining,Starbucks
10059442,10002258,Debit,7349,-7349,THE RENEWABLE ENER,2016-09-07T00:00:00Z,bank,Utilities,
10060604,10002258,Debit,555,-555,GREGGS - S0717 WILMSLOW,2016-09-08T00:00:00Z,bank,Restaurants/Dining,Greggs
10060603,10002258,Debit,10000,-10000,QUAYTICKETS.COM 01618 762020,2016-09-08T00:00:00Z,bank,Online Services,
10060602,10002258,Debit,129,-129,WAITROSE 711 WILMSLOW,2016-09-08T00:00:00Z,bank,Groceries,Waitrose
10061515,10002258,Debit,4306,-4306,SAINSBURYS PETROL CHEADLE,2016-09-09T00:00:00Z,bank,Groceries,Sainsbury's
10061514,10002258,Debit,892,-892,WAITROSE 711 WILMSLOW,2016-09-09T00:00:00Z,bank,Groceries,Waitrose
10061513,10002258,Debit,600,-600,EVERYBODY SPORT ON CREWE,2016-09-09T00:00:00Z,bank,Entertainment,
10061512,10002258,Credit,376883,376883,MR A J JONES -,2016-09-09T00:00:00Z,bank,Uncategorized,
10061511,10002258,Debit,6200,-6200,JD SPORTS 305 WILMSLOW,2016-09-09T00:00:00Z,bank,Hobbies,
10061510,10002258,Credit,6000,6000,JONES R RUSS,2016-09-09T00:00:00Z,bank,Uncategorized,
10064421,10002258,Debit,2000,-2000,INT'L 0003255423 Amazon Prime Now U 866-216-1072,2016-09-12T00:00:00Z,bank,General Merchandise,Amazon.com
10064420,10002258,Debit,200,-200,INT'L 0003255422 Amazon Prime Now U 866-216-1072,2016-09-12T00:00:00Z,bank,General Merchandise,Amazon.com
10064274,10002258,Debit,6000,-6000,MONZO 448008021456,2016-09-12T00:00:00Z,bank,Uncategorized,
10064273,10002258,Debit,3860,-3860,WWW.JUST EAT.CO.UK 0208 7362006,2016-09-12T00:00:00Z,bank,Restaurants/Dining,Just-Eat
10064272,10002258,Debit,2018,-2018,WAITROSE 711 WILMSLOW,2016-09-12T00:00:00Z,bank,Groceries,Waitrose
10064271,10002258,Debit,1076,-1076,1&1 INTERNET LIMIT GLOUCESTER,2016-09-12T00:00:00Z,bank,Online Services,
10064270,10002258,Debit,5000,-5000,MONZO 448008021456,2016-09-12T00:00:00Z,bank,Uncategorized,
10064419,10002258,Debit,1650,-1650,OVERDRAFT INTEREST TO 22AUG2016,2016-09-13T00:00:00Z,bank,Interest,Interest
10064418,10002258,Debit,1740,-1740,CINEWORLD CINEMAS,2016-09-13T00:00:00Z,bank,Entertainment,Cineworld Cinemas
10066783,10002258,Debit,510,-510,NORTHERN WEST 4865 MANCHESTER,2016-09-14T00:00:00Z,bank,Uncategorized,
10066782,10002258,Debit,200000,-200000,MASTERCARD 543460 543460******0395,2016-09-14T00:00:00Z,bank,Credit Card Payments,MasterCard
10066781,10002258,Debit,900,-900,COOK AND BAKER STOCKPORT,2016-09-14T00:00:00Z,bank,Groceries,
10068160,10002258,Debit,330,-330,HUNGER TRAINS LTD WILMSLOW,2016-09-15T00:00:00Z,bank,Travel,
10068159,10002258,Debit,1000,-1000,NOURISH WILMSLOW WILMSLOW,2016-09-15T00:00:00Z,bank,Uncategorized,
10068158,10002258,Debit,1000,-1000,GIFFGAFF.COM ONLINE STORE,2016-09-15T00:00:00Z,bank,Telephone Services,giffgaff
10068157,10002258,Debit,510,-510,NORTHERN WEST 4865 MANCHESTER,2016-09-15T00:00:00Z,bank,Uncategorized,
10068156,10002258,Debit,600,-600,EVERYBODY SPORT ON CREWE,2016-09-15T00:00:00Z,bank,Entertainment,
10068155,10002258,Debit,370,-370,COSTA COFFEE M'CHESTER M2,2016-09-16T00:00:00Z,bank,Restaurants/Dining,Costa Coffee
10068154,10002258,Debit,1990,-1990,WEST COAST TRAINS PRESTON 1707,2016-09-16T00:00:00Z,bank,Travel,West Coast Trains
10072086,10002258,Debit,5800,-5800,INT'L 0030875370 EVENTIM UK AMSTERDAM,2016-09-19T00:00:00Z,bank,Entertainment,Eventim UK
10071750,10002258,Debit,1850,-1850,WM MORRISON 060 CHORLEY,2016-09-19T00:00:00Z,bank,Groceries,Wm Morrison Supermarkets PLC
10071699,10002258,Debit,1889,-1889,MORRISON PETROL CHORLEY,2016-09-19T00:00:00Z,bank,Gasoline/Fuel,
10071698,10002258,Debit,539,-539,MCDONALDS SANDBACH,2016-09-19T00:00:00Z,bank,Restaurants/Dining,McDonald's
10071697,10002258,Debit,717,-717,TESCO STORES 2994 OXFORD,2016-09-19T00:00:00Z,bank,Groceries,Tesco
10071696,10002258,Debit,480,-480,M6 TOLL TOLL CHARGE,2016-09-19T00:00:00Z,bank,Travel,The M6 Toll
10071695,10002258,Debit,1990,-1990,FIRST/KEOLIS TRANS MANCHSTR 9534,2016-09-19T00:00:00Z,bank,Uncategorized,
10071694,10002258,Debit,1800,-1800,DSJ GARDENS 14LIGHTOLLER,2016-09-19T00:00:00Z,bank,Entertainment,
10071693,10002258,Debit,2730,-2730,HelloFresh London,2016-09-19T00:00:00Z,bank,Restaurants/Dining,HelloFresh
10071692,10002258,Debit,480,-480,M6 TOLL TOLL CHARGE,2016-09-19T00:00:00Z,bank,Travel,The M6 Toll
10071691,10002258,Debit,3690,-3690,ANTHOLOGY WILMSLOW,2016-09-19T00:00:00Z,bank,Uncategorized,
10071690,10002258,Debit,400,-400,LITE DELIGHTS WILM WILMSLOW,2016-09-19T00:00:00Z,bank,Restaurants/Dining,Lite Delights
10072691,10002258,Debit,838,-838,WAITROSE 711 WILMSLOW,2016-09-20T00:00:00Z,bank,Groceries,Waitrose
10072690,10002258,Debit,4000,-4000,CASH RB SCOT SEP20 TESCO MCH OX@20:43,2016-09-20T00:00:00Z,bank,ATM/Cash Withdrawals,RBS
10072689,10002258,Debit,1990,-1990,BARROW IN FURNESS BARROW IN FUR,2016-09-20T00:00:00Z,bank,Uncategorized,
10072688,10002258,Debit,2185,-2185,ASDA STORES 4364 CHORLEY,2016-09-20T00:00:00Z,bank,General Merchandise,ASDA
10073267,10002258,Debit,100,-100,TESCO-STORES 6778 MANCHESTER,2016-09-21T00:00:00Z,bank,Groceries,Tesco
10073266,10002258,Debit,2249,-2249,INT'L 0049225243 Amazon UK Marketpl 800-279-6620,2016-09-21T00:00:00Z,bank,Online Services,Amazon.com
10073265,10002258,Debit,600,-600,EVERYBODY SPORT ON CREWE,2016-09-21T00:00:00Z,bank,Entertainment,
10073111,10002258,Debit,1900,-1900,BOOTS REWARDSCHEME,2016-09-21T00:00:00Z,bank,Personal Care,Boots
